{
    "function" : "1/(1+x*x)",
    "X" : [ [-5, -4.8, -4.6, -4.4, -4, -3, -2, -1, 0, 1, 2, 3, 4, 4.4, 4.6, 4.8, 5],
            [-5, -4.8, -4.6, -4.4, -4, -3, -2, -1, 0, 1, 2, 3, 4, 4.4, 4.6, 4.8, 5],
            [-5, -4.8, -4.6, -4.4, -4, -3, -2, -1, 0, 1, 2, 3, 4, 4.4, 4.6, 4.8, 5],
            [-5, -4.8, -4.6, -4.4, -4, -3, -2, -1, 0, 1, 2, 3, 4, 4.4, 4.6, 4.8, 5],
            [-5, -4.8, -4.6, -4.4, -4, -3, -2, -1, 0, 1, 2, 3, 4, 4.4, 4.6, 4.8, 5],
            [-5, -4.8, -4.6, -4.4, -4, -3, -2, -1, 0, 1, 2, 3, 4, 4.4, 4.6, 4.8, 5]],
    "Order" : [1, 2, 3, 5, 7, 9],
    "BC" : [[], 
            [[0, 1, 0.014792899408284]],
            [[0, 1, 0.014792899408284], [1, 1, -0.014792899408284]],
            [[0, 1, 0.014792899408284], [0, 2, 0.008420573509330906], [1, 1, -0.014792899408284], [1, 2, 0.008420573509330906]],
            [[0, 1, 0.014792899408284], [0, 2, 0.008420573509330906], [1, 1, -0.014792899408284], [1, 2, 0.008420573509330906], [0, 3, 0], [1, 3, 0]],
            [[0, 1, 0.014792899408284], [0, 2, 0.008420573509330906], [1, 1, -0.014792899408284], [1, 2, 0.008420573509330906], [0, 3, 0], [1, 3, 0],[1, 4, 0],[0,4,0]]
            ]
}