{
    "function" : "1/(1+x*x)",
    "Interval" : [-5, 5],
    "N" : [11, 10, 11, 11, 11],
    "err_points" : [-3.5, -3, -2.5, -2, -1.5, -1, -0.5, 0, 0.5, 1, 1.5, 2, 2.5, 3, 3.5],
    "Type" : ["Linear", "Quadratic", "NatureCubic", "SecondDerivativesCubic", "CompleteCubic"],
    "Cond" : [[], [], [], [0.008420573509330906, 0.008420573509330906], [0.014792899408284, -0.014792899408284]]
}
