{
   "x" : [
      0.0,
      0.5,
      1.0,
      1.5,
      2.0,
      2.5,
      3.0,
      3.5,
      4.0,
      4.5,
      5.0,
      5.5,
      6.0,
      6.5,
      7.0,
      7.5,
      8.0,
      8.5,
      9.0,
      9.5,
      10.0
   ],
   "y" : [
      2.8999999999999999,
      2.7000000000000002,
      4.7999999999999998,
      5.2999999999999998,
      7.0999999999999996,
      7.5999999999999996,
      7.7000000000000002,
      7.5999999999999996,
      9.4000000000000004,
      9.0,
      9.5999999999999996,
      10.0,
      10.199999999999999,
      9.6999999999999993,
      8.3000000000000007,
      8.4000000000000004,
      9.0,
      8.3000000000000007,
      6.5999999999999996,
      6.7000000000000002,
      4.0999999999999996
   ]
}
